name,lat_ns_per_op,tp_ns_per_op,lat_intercept_ms,tp_intercept_ms,lat_r2,tp_r2,reliable
s_abs_i32,-105.57,123.57,17.6641,17.4878,0.5102,0.8832,0
s_absdiff_i32,171.29,-117.58,17.4928,17.6938,0.5454,0.2880,0
s_absdiff_u32,-104.85,13.04,17.7020,17.5350,0.1994,0.1251,0
s_add_i32,-49.73,44.47,17.6463,17.5111,0.0499,0.8601,0
s_add_u32,-68.02,3.73,17.6830,17.5298,0.1352,0.2709,0
s_addc_u32,62.42,40.43,17.5659,17.5883,0.3671,0.1683,0
s_and_b32,127.76,291.86,17.5523,17.4470,0.3126,0.5600,0
s_andn1_b32,-108.31,-110.64,17.7730,17.6752,0.1167,0.2528,0
s_andn2_b32,-84.82,57.41,17.7651,17.5095,0.1084,0.7507,0
s_bcnt_0_b32,-53.01,-49.42,17.6393,17.6622,0.2123,0.7894,0
s_bcnt_1_b32,43.11,54.27,17.5858,17.5777,0.1387,0.3969,0
s_bfe_i32,-83.71,10.37,17.7252,17.5866,0.1245,0.0097,0
s_bfe_u32,-92.72,2.20,17.6848,17.5338,0.1389,0.0073,0
s_bfm_b32,11.62,-29.53,17.6247,17.5812,0.0020,0.0958,0
s_bfrev_b32,156.68,76.10,17.5819,17.5377,0.7316,0.1600,0
s_bitcmp0_b32,-296.88,897.71,17.7401,17.3603,0.1764,0.9040,0
s_bitcmp1_b32,69.98,306.86,17.5350,17.5336,0.4758,0.3866,0
s_bitset0_b32,-11.04,54.33,17.6604,17.5278,0.0029,0.4022,0
s_bitset1_b32,-108.73,42.80,17.6762,17.6260,0.2144,0.0231,0
s_clb_b32,-26.96,-44.37,17.5759,17.6588,0.0966,0.0534,0
s_clo_b32,-46.93,60.33,17.6719,17.5558,0.0489,0.2758,0
s_clz_b32,-20.99,-149.46,17.5771,17.7312,0.0812,0.3927,0
s_cmp,181.17,298.15,17.5161,17.4570,0.5183,0.6683,1
s_cmp_eq_i32,405.41,-265.90,17.5486,17.6570,0.3150,0.9043,0
s_cmp_eq_u32,700.00,510.71,17.5248,17.6208,0.5170,0.3027,0
s_cmp_ge_i32,96.71,81.75,17.4999,17.5113,0.9974,0.7372,1
s_cmp_ge_u32,-189.73,17.97,17.7164,17.5279,0.0289,0.8758,0
s_cmp_gt_i32,-301.95,-30.86,17.6814,17.5424,0.9982,0.9450,0
s_cmp_gt_u32,41.46,-653.07,17.5272,17.8418,0.6353,0.4616,0
s_cmp_le_i32,361.61,290.62,17.4627,17.4856,0.8355,0.9426,1
s_cmp_le_u32,-281.19,-147.94,17.7365,17.6845,0.2440,0.0273,0
s_cmp_lt_i32,48.83,-20.03,17.5263,17.5401,0.3208,0.2302,0
s_cmp_lt_u32,2.90,-312.11,17.5322,17.7755,0.0554,0.1570,0
s_cmp_ne_i32,-958.15,-712.72,18.0332,17.8573,0.6525,0.5420,0
s_cmp_ne_u32,31.31,1003.12,17.5588,17.3517,0.0102,0.9340,0
s_cto_b32,79.60,16.62,17.5400,17.5241,0.1036,0.3238,0
s_ctz_b32,158.59,112.11,17.4978,17.5075,0.7404,0.8494,1
s_ineg_i32,-39.65,-43.61,17.5866,17.5954,0.3431,0.3295,0
s_max_i32,-63.74,37.56,17.6621,17.6113,0.3610,0.0258,0
s_max_u32,75.23,58.55,17.5509,17.5383,0.5630,0.2710,0
s_min_i32,-109.57,-32.65,17.7245,17.5955,0.2435,0.0838,0
s_min_u32,183.22,93.31,17.5289,17.5598,0.6125,0.1065,0
s_mov_b32,104.84,32.12,17.6301,17.5130,0.1984,0.4072,0
s_mul_hi_i32,-6.58,68.88,17.6008,17.5158,0.0008,0.4666,0
s_mul_hi_u32,64.55,2.45,17.5477,17.5773,0.3595,0.0005,0
s_mul_i32,31.45,-61.13,17.5376,17.7431,0.3404,0.0336,0
s_mul_u32,-40.32,28.11,17.6340,17.5126,0.0458,0.8807,0
s_nand_b32,74.12,-164.21,17.5473,17.7844,0.1111,0.2546,0
s_nor_b32,20.92,3.59,17.5109,17.5268,0.7703,0.3818,0
s_not_b32,5.90,17.15,17.5262,17.5164,0.1993,0.6033,0
s_or_b32,4.33,7.24,17.5242,17.5259,0.4050,0.4062,0
s_orn1_b32,16.59,9.13,17.5108,17.5170,0.9755,0.6461,1
s_orn2_b32,10.21,10.51,17.5131,17.5129,0.9977,0.9989,1
s_quadmask_b32,8.23,11.28,17.5172,17.5122,0.4961,0.9665,0
s_rotr_b32,11.75,11.07,17.5124,17.5124,0.9722,0.9713,1
s_select_b32,7.57,10.44,17.5172,17.5134,0.3737,0.9673,0
s_sext_i32_i16,11.32,20.14,17.5154,17.5083,0.5548,0.9276,1
s_sext_i32_i8,12.28,10.29,17.5122,17.5218,0.9916,0.6233,1
s_sll_b32,-2.72,48.03,17.6001,17.5050,0.0001,0.8173,0
s_sra_b32,-137.67,18.14,17.6888,17.5224,0.2879,0.2278,0
s_srl_b32,32.94,-121.37,17.5182,17.7178,0.6765,0.3453,0
s_sub_i32,5.63,18.44,17.5234,17.5216,0.1019,0.9983,0
s_sub_u32,13.12,11.73,17.5205,17.5191,0.5537,0.5881,1
s_subb_u32,23.88,10.47,17.5150,17.5269,0.8890,0.5098,1
s_wqm_b32,8.70,7.86,17.5260,17.5279,0.9208,0.6448,1
s_xnor_b32,11.15,9.27,17.5223,17.5246,0.9858,0.9278,1
s_xor_b32,13.40,11.89,17.5231,17.5216,0.8873,0.9932,1
v_abs_f32,22.32,13.15,17.5226,17.5216,0.9986,0.9968,1
v_abs_i32,18.91,7.37,17.5287,17.5215,0.9050,0.3128,0
v_absdiff_i32,20.79,10.13,17.5144,17.5242,0.9876,0.5762,1
v_absdiff_u32,13.97,16.36,17.5213,17.5177,0.7607,0.7474,1
v_add_f32,19.87,9.34,17.5176,17.5221,0.6623,0.7046,1
v_add_i32,28.93,9.59,17.5105,17.5190,0.9878,0.3988,0
v_add_u32,18.11,10.60,17.5156,17.5161,0.8974,0.6842,1
v_addc_u32,21.75,23.13,17.5108,17.5108,0.9950,0.9910,1
v_and_b32,18.68,11.73,17.5130,17.5122,0.9858,0.9707,1
v_bcnt0_u32,22.51,19.42,17.5184,17.5152,0.9048,0.9008,1
v_bcnt1_u32,27.32,13.33,17.5130,17.5230,0.9604,0.5978,1
v_bfe_i32,16.32,11.38,17.5174,17.5156,0.8865,0.6183,1
v_bfe_u32,30.50,16.57,17.5119,17.5146,0.9662,0.9366,1
v_bfi_b32,21.23,13.97,17.5288,17.5239,0.9990,0.6329,1
v_bfm_b32,18.10,11.28,17.5247,17.5255,0.8851,0.7523,1
v_bfrev_b32,24.49,120.20,17.5147,17.4878,0.9319,0.7185,1
v_bitalign_b32,-86.94,-128.34,17.6693,17.7715,0.1287,0.1142,0
v_bperm_sm_b32,-62.35,-75.16,17.6240,17.6771,0.5362,0.0976,0
v_bytealign_b32,190.69,242.55,17.4627,17.4387,0.6543,0.7074,1
v_byteperm_b32,19.27,-23.81,17.5250,17.6112,0.5627,0.0086,0
v_ceil_f32,18.80,-34.64,17.5365,17.6560,0.4369,0.0171,0
v_ceil_f64,-54.31,24.11,17.6625,17.5373,0.0527,0.4545,0
v_clb_u32,39.98,-24.17,17.5466,17.5739,0.1261,0.0743,0
v_clo_u32,36.43,-18.62,17.5394,17.5641,0.7122,0.0442,0
v_clz_u32,173.12,-83.10,17.4738,17.6809,0.6585,0.1147,0
v_cmp_eq_f16,7.66,-6.37,17.5206,17.5417,0.3498,0.0388,0
v_cmp_eq_f32,-230.80,37.68,17.8236,17.5386,0.5913,0.1871,0
v_cmp_eq_i16,15.63,11.21,17.5235,17.5181,0.8517,0.7069,1
v_cmp_eq_i32,13.93,2.69,17.5250,17.5283,0.6954,0.1236,0
v_cmp_eq_u16,1.59,21.08,17.5308,17.5178,0.0661,0.9169,0
v_cmp_eq_u32,18.66,-0.96,17.5151,17.5300,0.9775,0.0433,0
v_cmp_f_f16,14.00,9.83,17.5261,17.5292,0.9937,0.9792,1
v_cmp_f_f32,9.42,12.52,17.5264,17.5226,0.9078,0.9708,1
v_cmp_f_i16,14.99,9.65,17.5196,17.5254,0.9601,0.7697,1
v_cmp_f_i32,13.55,12.23,17.5263,17.5279,0.8832,0.9451,1
v_cmp_f_u16,6.79,40.11,17.5303,17.5232,0.8389,0.9209,1
v_cmp_f_u32,2.22,35.90,17.5449,17.5149,0.0038,0.7986,0
v_cmp_ge_f16,10.82,12.52,17.5626,17.5217,0.9857,0.9790,1
v_cmp_ge_f32,10.21,13.96,17.5257,17.5251,0.6151,0.7744,1
v_cmp_ge_i16,39.46,10.23,17.5234,17.5238,0.9048,0.6519,1
v_cmp_ge_i32,21.05,9.63,17.5484,17.5230,0.4839,0.9135,0
v_cmp_ge_u16,13.83,13.20,17.5594,17.5201,0.9423,0.9793,1
v_cmp_ge_u32,14.92,16.76,17.5133,17.5205,0.9544,0.9295,1
v_cmp_gt_f16,43.52,22.44,17.5224,17.5301,0.7249,0.2773,0
v_cmp_gt_f32,18.03,14.74,17.5163,17.5206,0.8818,0.6496,1
v_cmp_gt_i16,3.27,15.24,17.5281,17.5206,0.3469,0.6328,0
v_cmp_gt_i32,7.68,16.12,17.5248,17.5174,0.7403,0.7957,1
v_cmp_gt_u16,16.53,12.40,17.5128,17.5232,0.9180,0.9957,1
v_cmp_gt_u32,128.31,4.97,17.5959,17.5355,0.1457,0.0444,0
v_cmp_le_f16,16.33,-53.39,17.5539,17.6406,0.3047,0.0408,0
v_cmp_le_f32,-1.09,-5.79,17.5843,17.5535,0.0002,0.0279,0
v_cmp_le_i16,29.42,-42.22,17.5166,17.6469,0.5984,0.0246,0
v_cmp_le_i32,-39.17,-53.56,17.6760,17.6135,0.1015,0.5832,0
v_cmp_le_u16,-36.67,-110.24,17.5853,17.7269,0.2221,0.4110,0
v_cmp_le_u32,81.34,-57.89,17.5563,17.6282,0.6294,0.6628,0
v_cmp_lg_f16,-125.23,127.10,17.6834,17.5358,0.2339,0.1337,0
v_cmp_lg_f32,-108.99,46.91,17.7447,17.6096,0.1362,0.0287,0
v_cmp_lg_i16,-26.95,46.92,17.5904,17.6062,0.0885,0.0386,0
v_cmp_lg_i32,-51.13,64.05,17.6349,17.5214,0.0424,0.4366,0
v_cmp_lg_u16,11.22,-30.66,17.5184,17.5701,0.7091,0.1320,0
v_cmp_lg_u32,22.57,6.71,17.5153,17.5180,0.2915,0.5168,0
v_cmp_lt_f16,7.29,18.61,17.5242,17.5133,0.0367,0.7860,0
v_cmp_lt_f32,7.80,11.53,17.5191,17.5212,0.6271,0.6846,1
v_cmp_lt_i16,39.65,6.89,17.5062,17.5178,0.7859,0.9537,1
v_cmp_lt_i32,19.96,12.21,17.5077,17.5218,0.9824,0.8025,1
v_cmp_lt_u16,9.53,31.69,17.5141,17.5179,0.6997,0.6480,1
v_cmp_lt_u32,11.94,-19.59,17.5112,17.5740,0.9839,0.4389,0
v_cmp_neq_f16,14.14,-30.54,17.5099,17.5719,0.9586,0.7289,0
v_cmp_neq_f32,-9.35,48.45,17.5359,17.5165,0.0794,0.7358,0
v_cmp_nge_f16,46.44,6.60,17.4989,17.5510,0.9027,0.0350,0
v_cmp_nge_f32,21.88,-9.00,17.5097,17.5618,0.9760,0.0843,0
v_cmp_ngt_f16,-31.35,14.96,17.5728,17.5197,0.7702,0.8564,0
v_cmp_ngt_f32,14.33,31.69,17.5158,17.5123,0.8478,0.5655,1
v_cmp_nle_f16,-4.29,54.89,17.5448,17.5017,0.0104,0.9001,0
v_cmp_nle_f32,-7.74,-32.28,17.5342,17.5709,0.0536,0.6947,0
v_cmp_nlg_f16,1.81,11.93,17.5489,17.5097,0.0014,0.9981,0
v_cmp_nlg_f32,7.09,20.47,17.5355,17.5069,0.0246,0.9267,0
v_cmp_nlt_f16,10.42,13.61,17.5124,17.5606,0.9260,0.9995,1
v_cmp_nlt_f32,28.52,-8.72,17.5226,17.5518,0.3326,0.0638,0
v_cmp_o_f16,48.18,-24.33,17.5122,17.5612,0.9127,0.5504,0
v_cmp_o_f32,9.29,-3.67,17.5235,17.5565,0.7167,0.0090,0
v_cmp_tru_f16,20.23,16.89,17.5091,17.5396,0.9607,0.1396,0
v_cmp_tru_f32,16.24,6.30,17.5134,17.5191,0.8086,0.4366,0
v_cmp_tru_i16,7.23,19.41,17.5218,17.5084,0.6829,0.9723,1
v_cmp_tru_i32,14.37,-14.48,17.5123,17.5423,0.7411,0.2233,0
v_cmp_tru_u16,10.54,37.27,17.5127,17.5124,0.6595,0.7896,1
v_cmp_tru_u32,2.87,9.21,17.5318,17.5139,0.0068,0.7251,0
v_cmp_u_f16,15.86,9.04,17.5133,17.5226,0.6962,0.2232,0
v_cmp_u_f32,8.68,-2.26,17.5210,17.5491,0.4826,0.0051,0
v_cmpclass_f16,13.93,17.79,17.5596,17.5091,0.9916,0.9317,1
v_cmpclass_f32,-11.06,12.14,17.5388,17.5143,0.1252,0.7399,0
v_copysign_f32,14.89,15.93,17.5210,17.5126,0.9331,0.7891,1
v_cos_f32,37.08,28.22,17.5119,17.5099,0.9988,0.9395,1
v_cto_u32,21.88,16.27,17.5126,17.5159,0.9101,0.8584,1
v_ctz_u32,20.20,18.26,17.5209,17.5101,0.9878,0.9711,1
v_cubeface_f32,17.88,20.03,17.5195,17.5131,0.7338,0.8236,1
v_cubema_f32,20.40,9.37,17.5178,17.5217,0.9955,0.6594,1
v_cubes_f32,20.45,7.83,17.5175,17.5178,0.9846,0.7627,1
v_cubet_f32,15.95,15.06,17.5185,17.5129,0.9015,0.7974,1
v_dp4a_i8_i8_i32,23.53,44.11,17.5093,17.5005,0.9976,0.7915,1
v_dp4a_i8_u8_i32,-8.17,36.66,17.5583,17.5239,0.1082,0.6212,0
v_dp4a_u8_i8_i32,25.81,200.50,17.5217,17.5000,0.9076,0.8740,1
v_dp4a_u8_u8_i32,-114.91,6.76,17.6799,17.5187,0.2106,0.6672,0
v_exp2_f32,35.75,22.58,17.5186,17.5115,0.9451,0.9973,1
v_fcvt_f16_f32,19.54,14.06,17.5158,17.5179,0.8795,0.8540,1
v_fcvt_f16_i16,27.55,108.66,17.5105,17.5302,0.8457,0.1461,0
v_fcvt_f16_u16,-12.31,13.84,17.5669,17.5227,0.0113,0.4816,0
v_fcvt_f32_f16,9.25,68.51,17.5312,17.5068,0.2986,0.5940,0
v_fcvt_f32_f64,144.45,45.33,17.5783,17.5110,0.2132,0.9118,0
v_fcvt_f32_i32,22.19,11.95,17.5124,17.5139,0.9755,0.9865,1
v_fcvt_f32_u32,22.94,14.04,17.5131,17.5137,0.9556,0.9580,1
v_fcvt_f32_u80,22.04,14.89,17.5138,17.5145,0.9785,0.7928,1
v_fcvt_f32_u81,14.18,14.23,17.5235,17.5137,0.8582,0.8748,1
v_fcvt_f32_u82,31.84,13.84,17.5138,17.5161,0.9808,0.9564,1
v_fcvt_f32_u83,18.15,11.45,17.5240,17.5246,0.8878,0.6565,1
v_fcvt_f32off_i4,36.62,8.27,17.5423,17.5222,0.6759,0.7648,1
v_fcvt_f64_f32,22.88,43.86,17.5601,17.5007,0.9975,0.7995,1
v_fcvt_f64_i32,-14.06,13.69,17.5702,17.5130,0.6215,0.9242,0
v_fcvt_f64_u32,-20.31,15.09,17.5705,17.5115,0.6227,0.9803,0
v_fcvt_i16_f16,14.17,11.67,17.5142,17.5175,0.9420,0.7083,1
v_fcvt_i32_f32,43.54,15.26,17.5106,17.5307,0.7243,0.1030,0
v_fcvt_i32_f64,-22.98,18.30,17.5711,17.5272,0.6009,0.1232,0
v_fcvt_i32flr_f32,0.98,9.14,17.5351,17.5413,0.0009,0.0469,0
v_fcvt_i32rpi_f32,57.49,23.22,17.5159,17.5250,0.7729,0.2044,0
v_fcvt_u16_f16,12.92,-1.75,17.5190,17.5378,0.6529,0.0033,0
v_fcvt_u32_f32,19.96,13.44,17.5184,17.5172,0.9968,0.9831,1
v_fcvt_u32_f64,41.27,4.89,17.5328,17.5275,0.6676,0.0165,0
v_floor_f32,12.44,10.46,17.5246,17.5197,0.5967,0.4183,0
v_floor_f64,41.26,74.20,17.5117,17.5028,0.9997,0.9648,1
v_fma_f32,19.01,13.64,17.5182,17.5141,0.9092,0.9916,1
v_fma_legacy_f32,184.32,-118.78,17.4823,17.6792,0.6389,0.2117,0
v_fract_f32,8.94,14.49,17.5524,17.5168,0.0104,0.6886,0
v_fract_f64,43.30,34.91,17.5159,17.5111,0.9490,0.9911,1
v_frexp_exp_i32_f32,17.33,22.41,17.5209,17.5131,0.8274,0.8941,1
v_frexp_exp_i32_f64,19.51,6.15,17.5135,17.5207,0.9754,0.2898,0
v_frexp_mant_f32,19.69,10.36,17.5127,17.5153,0.9732,0.7041,1
v_frexp_mant_f64,31.17,20.63,17.5093,17.5086,0.9775,0.9712,1
v_ineg_i32,27.94,5.53,17.5080,17.5251,0.9825,0.4844,0
v_ldexp_f32,19.89,10.94,17.5259,17.5296,0.8538,0.9845,1
v_ldexp_f64,18.15,15.56,17.5254,17.5195,0.9273,0.7237,1
v_log2_f32,33.23,17.76,17.5292,17.5266,0.9625,0.9518,1
v_mac_f32,21.12,23.62,17.5234,17.5216,0.9969,0.9989,1
v_mad24_i32,21.11,-9.43,17.5231,17.5458,0.8680,0.1235,0
v_mad24_u32,19.42,18.23,17.5226,17.5187,0.9817,0.7945,1
v_mad_i32,22.89,13.81,17.5251,17.5137,0.8980,0.8401,1
v_mad_u32,28.22,9.72,17.5212,17.5197,0.4084,0.5091,0
v_max3_f32,18.03,14.32,17.5221,17.5250,0.8651,0.9635,1
v_max3_i32,22.99,12.68,17.5247,17.5267,0.9988,0.8874,1
v_max3_u32,17.39,4.73,17.5238,17.5246,0.6953,0.3030,0
v_max_f32,-10.75,33.97,17.5582,17.5368,0.1712,0.5408,0
v_max_i32,20.37,-0.20,17.5204,17.5599,0.9906,0.0000,0
v_max_u32,29.08,-23.17,17.5155,17.5678,0.9519,0.5801,0
v_mbcnt_u32,13.48,20.24,17.5274,17.5230,0.6064,0.2395,0
v_med3_f32,15.21,19.18,17.5215,17.5140,0.8829,0.9242,1
v_med3_i32,21.30,11.10,17.5221,17.5273,0.8122,0.6528,1
v_med3_u32,15.50,10.32,17.5200,17.5345,0.8986,0.1015,0
v_min3_f32,-15.05,46.66,17.5561,17.5191,0.2111,0.7503,0
v_min3_i32,31.92,5.00,17.5358,17.5486,0.3837,0.0140,0
v_min3_u32,-0.17,20.98,17.5446,17.5108,0.0001,0.9515,0
v_min_f32,21.24,8.43,17.5163,17.5414,0.8464,0.0482,0
v_min_i32,52.42,-27.31,17.5009,17.5698,0.8944,0.6692,0
v_min_u32,19.32,16.48,17.5206,17.5138,0.8574,0.9861,1
v_mma_323216_i8_i8_i32,61.97,62.94,17.5180,17.5175,0.9994,0.9983,1
v_mma_323216_i8_u8_i32,41.36,58.91,17.5391,17.5286,0.6514,0.7430,1
v_mma_323216_u8_i8_i32,63.06,57.43,17.5131,17.5260,0.9990,0.9929,1
v_mma_323216_u8_u8_i32,61.78,76.57,17.5200,17.5132,0.9957,0.9965,1
v_mma_8816_i8_i8_i32,-6.17,49.63,17.5504,17.5161,0.0287,0.7570,0
v_mma_8816_i8_u8_i32,-21.22,-1.14,17.5620,17.5377,0.5656,0.0013,0
v_mma_8816_u8_i8_i32,22.84,12.33,17.5107,17.5120,0.9864,0.9958,1
v_mma_8816_u8_u8_i32,18.54,17.14,17.5116,17.5141,0.9960,0.8382,1
v_mov_b32,-5.89,15.09,17.5422,17.5165,0.0370,0.6134,0
v_mul24_hi_i32,22.28,18.95,17.5134,17.5128,0.9339,0.9904,1
v_mul24_hi_u32,27.11,5.47,17.5097,17.5209,0.9702,0.5049,1
v_mul24_i32,23.92,109.63,17.5166,17.5244,0.9464,0.1511,0
v_mul24_u32,42.86,9.04,17.5290,17.5435,0.8154,0.0355,0
v_mul_f32,-1.62,13.83,17.5427,17.5174,0.0038,0.6406,0
v_mul_hi_i32,20.08,51.74,17.5167,17.5077,0.8837,0.8815,1
v_mul_hi_u32,50.26,1.34,17.5018,17.5526,0.8261,0.0013,0
v_mul_i32,-16.06,47.10,17.5567,17.5181,0.2408,0.7241,0
v_mul_legacy_f32,24.88,0.74,17.5248,17.5357,0.3269,0.0006,0
v_mul_u32,26.26,35.92,17.5339,17.5090,0.3022,0.6056,0
v_not_b32,132.02,83.13,17.4997,17.5277,0.9233,0.7198,1
v_or_b32,17.53,-4.45,17.6221,17.6235,0.1332,0.0190,0
v_pack_f16rtz_f32,19.90,12.42,17.6051,17.6040,0.9915,0.9974,1
v_pack_i16_i32,19.19,7.59,17.6064,17.6048,0.9337,0.8633,1
v_pack_i8_i32,43.56,-9.23,17.6136,17.6349,0.5142,0.0489,0
v_pack_snorm16_f32,-14.92,16.20,17.6443,17.5973,0.2120,0.9952,0
v_pack_u16_u32,-1.24,12.99,17.6351,17.5986,0.0009,0.9810,0
v_pack_u8_f32,17.88,11.34,17.6045,17.6047,0.8569,0.5646,1
v_pack_u8_u32,22.02,14.03,17.5995,17.6086,0.9938,0.7475,1
v_pack_unorm16_f32,-0.92,38.72,17.6274,17.6053,0.0009,0.5803,0
v_perm_sm_b32,6.33,28.74,17.6179,17.6004,0.0250,0.3956,0
v_rcp_f32,16.02,2.36,17.6359,17.6263,0.1537,0.0063,0
v_rcp_f64,27.91,28.70,17.6120,17.5984,0.9690,0.9924,1
v_rndne_f32,23.82,15.45,17.6041,17.6235,0.9629,0.1437,0
v_rndne_f64,43.27,27.60,17.5979,17.6088,0.9988,0.9779,1
v_rotr_b32,-5.46,25.48,17.6389,17.6135,0.0223,0.2605,0
v_rsq_f32,30.83,19.27,17.6060,17.6090,0.9534,0.8936,1
v_rsq_f64,37.64,59.33,17.5991,17.5893,0.9983,0.9805,1
v_s2v_b32,16.40,16.25,17.6346,17.6174,0.1287,0.1091,0
v_select_b32,2.24,-0.49,17.6237,17.6588,0.0051,0.0006,0
v_sext_i32_i16,-3.75,15.51,17.6473,17.6027,0.0076,0.7670,0
v_sext_i32_i8,12.89,5.31,17.6092,17.6137,0.7923,0.2426,0
v_sin_f32,31.07,7.18,17.6044,17.6362,0.9529,0.0475,0
v_sll_b32,32.75,8.08,17.5948,17.6107,0.9430,0.6584,1
v_sqrt_f32,37.36,11.86,17.5993,17.6123,0.9918,0.8473,1
v_sqrt_f64,30.98,39.42,17.6114,17.6104,0.9772,0.4815,0
v_sra_b32,20.54,-9.82,17.6047,17.6580,0.8038,0.2830,0
v_srl_b32,21.56,17.80,17.6049,17.6076,0.9987,0.8393,1
v_sub_f32,27.12,11.97,17.6073,17.6053,0.9393,0.9531,1
v_sub_i32,21.05,39.62,17.6137,17.6026,0.9969,0.8742,1
v_sub_u32,46.33,4.80,17.5994,17.6208,0.8795,0.0207,0
v_subb_u32,20.40,23.08,17.6100,17.6079,0.9982,0.9905,1
v_subbrev_u32,26.64,26.68,17.6071,17.6068,0.9549,0.9772,1
v_subrev_f32,24.25,15.89,17.6057,17.6053,0.9339,0.8255,1
v_subrev_u32,15.03,15.69,17.6075,17.6079,0.7068,0.9953,1
v_trunc_f32,21.06,14.26,17.6090,17.6089,0.9810,0.9939,1
v_trunc_f64,41.95,58.48,17.6101,17.5997,0.9983,0.9050,1
v_xnor_b32,21.99,13.99,17.6085,17.6080,0.9999,0.9856,1
v_xor_b32,18.02,8.28,17.6126,17.6148,0.9106,0.7354,1
